NHSLDMEM,DRYRUSE,ELWATER,CDD30YR_PUB,WASHLOAD,KWH,DRYRFUEL_Electricity,DRYRFUEL_NA,DRYRFUEL_Natural_Gas,DRYRFUEL_Propane,FUELHEAT_Electricity,FUELHEAT_Natural_Gas,FUELHEAT_Propane,FUELHEAT_Wood,OUTGRILLFUEL_Natural_Gas,OUTGRILLFUEL_Propane
2,4,0,1529,4,5817.69,0,0,1,0,0,1,0,0,0,1
1,3,1,741,3,4016.95,1,0,0,0,1,0,0,0,0,0
2,4,1,364,4,6026.48,0,0,1,0,0,1,0,0,0,0
3,2,0,1212,2,4043.12,1,0,0,0,0,1,0,0,0,0
2,4,0,2460,4,3511.77,0,0,1,0,0,1,0,0,0,1
2,4,0,953,3,5938.58,0,0,0,1,0,0,1,0,0,0
2,2,0,1395,2,9369.43,0,0,1,0,0,1,0,0,0,1
3,1,1,1834,1,7189.94,1,0,0,0,0,1,0,0,0,0
2,3,1,917,3,9363.79,1,0,0,0,1,0,0,0,0,0
2,1,0,1888,1,5001.86,0,0,1,0,0,1,0,0,0,1
5,5,0,873,5,12583.22,0,0,0,1,1,0,0,0,0,1
1,2,0,1993,2,12742.77,1,0,0,0,0,1,0,0,0,0
3,5,0,803,5,3387.71,0,0,1,0,0,1,0,0,0,0
1,-2,0,1934,-2,5339.15,0,1,0,0,0,0,1,0,0,0
3,3,0,1144,3,14110.66,1,0,0,0,0,1,0,0,0,1
4,3,1,1922,3,576.32,0,0,1,0,0,1,0,0,0,0
2,4,0,4086,4,5650.16,0,0,1,0,0,1,0,0,0,0
3,5,0,2141,5,10426.71,1,0,0,0,0,1,0,0,0,1
4,4,0,1425,4,10739.73,1,0,0,0,0,1,0,0,0,1
2,6,0,2011,6,10990.64,1,0,0,0,0,1,0,0,0,0
4,1,1,1393,1,8977.86,1,0,0,0,0,0,1,0,0,1
4,3,0,2006,3,9556.5,1,0,0,0,0,1,0,0,0,0
2,-2,0,2420,-2,4193.25,0,1,0,0,0,0,0,0,0,0
7,5,0,1691,5,15883.07,1,0,0,0,0,1,0,0,0,1
5,3,0,1477,3,8461.37,0,0,1,0,0,1,0,0,0,1
5,10,0,1568,10,7829.44,1,0,0,0,0,1,0,0,0,1
6,10,1,1970,10,8447.92,0,0,1,0,0,1,0,0,0,0
2,3,0,4239,4,7245.74,1,0,0,0,0,1,0,0,0,1
2,3,1,3043,3,8801.18,1,0,0,0,1,0,0,0,0,0
1,2,0,1492,2,5644.55,0,0,1,0,0,1,0,0,0,0
4,5,1,1982,5,15964.24,1,0,0,0,0,1,0,0,0,1
1,4,0,2425,4,13116.54,0,0,1,0,0,1,0,0,0,1
5,3,0,536,3,14388.69,1,0,0,0,0,1,0,0,0,0
4,2,0,73,2,2913.07,1,0,0,0,0,1,0,0,0,0
1,-2,0,880,-2,945.9,0,1,0,0,0,1,0,0,0,0
3,4,0,0,4,9274.48,0,0,1,0,0,1,0,0,0,1
2,3,0,106,3,3239.03,0,0,1,0,0,1,0,0,0,0
2,-2,0,825,2,3230.86,0,1,0,0,1,0,0,0,0,1
3,7,0,112,7,8551.31,0,0,1,0,0,1,0,0,1,0
2,1,0,419,1,5581.78,1,0,0,0,0,1,0,0,0,1
1,5,0,641,5,6734.13,1,0,0,0,0,1,0,0,0,0
3,5,1,152,5,12657.64,1,0,0,0,0,0,0,0,0,0
4,2,0,76,2,4016.32,1,0,0,0,1,0,0,0,0,1
1,2,0,829,2,4400.93,1,0,0,0,0,1,0,0,0,0
2,3,1,0,3,9655.8,1,0,0,0,0,0,0,1,0,1
2,2,0,88,2,4180.31,0,0,1,0,0,1,0,0,0,1
5,7,0,843,7,10249.93,0,0,1,0,0,1,0,0,0,1
4,4,0,529,4,7481.88,0,0,1,0,0,1,0,0,0,1
2,2,1,116,2,17113.21,1,0,0,0,1,0,0,0,0,0
3,-2,1,554,-2,2555.58,0,1,0,0,1,0,0,0,0,0
3,2,0,4,2,3229.59,0,0,1,0,0,0,0,0,0,1
2,4,0,1150,4,5820.56,1,0,0,0,0,0,0,1,0,1
3,5,1,839,5,9445.3,1,0,0,0,0,0,0,1,0,1
1,-2,1,879,2,3453.61,0,1,0,0,1,0,0,0,0,0
1,1,1,1292,1,8212.55,0,0,0,1,0,0,1,0,0,0
4,6,0,755,6,8279.27,1,0,0,0,0,0,1,0,0,1
2,3,0,915,2,9489.04,1,0,0,0,1,0,0,0,0,0
1,-2,1,79,-2,3320.34,0,1,0,0,1,0,0,0,0,0
2,2,0,8,2,2223.01,0,0,1,0,0,1,0,0,0,1
1,-2,0,34,-2,5035.6,0,1,0,0,1,0,0,0,0,1
2,4,1,813,4,7577.3,1,0,0,0,0,1,0,0,0,1
2,1,0,779,1,12262.72,1,0,0,0,0,1,0,0,0,0
2,1,0,947,2,8924.47,0,0,0,1,0,0,1,0,0,1
1,-2,0,3931,-2,9740.86,0,1,0,0,1,0,0,0,0,0
2,4,0,1123,4,9226.33,0,0,1,0,0,1,0,0,0,1
4,3,0,1412,3,16553.03,0,0,0,1,0,0,1,0,0,0
3,25,0,212,25,16633.92,1,0,0,0,0,0,0,1,0,0
2,2,0,1665,2,7792.84,1,0,0,0,1,0,0,0,0,1
7,5,0,617,5,5688.31,0,0,1,0,0,1,0,0,0,1
4,5,0,853,5,16709.04,0,0,1,0,0,1,0,0,0,0
2,6,0,1303,6,24134.47,1,0,0,0,1,0,0,0,0,1
2,3,0,1509,3,6597.57,1,0,0,0,0,1,0,0,0,1
2,10,0,1153,10,7629.69,0,0,1,0,0,1,0,0,0,0
2,4,0,1414,4,6150.32,1,0,0,0,0,1,0,0,0,1
1,2,0,4003,2,5658.28,1,0,0,0,0,1,0,0,0,0
2,3,0,1955,3,9214.17,1,0,0,0,0,1,0,0,0,1
1,1,1,1911,1,8149.71,1,0,0,0,0,0,1,0,0,1
5,8,0,573,8,12800.99,1,0,0,0,1,0,0,0,0,0
5,7,0,1886,7,12230.77,0,0,1,0,0,0,1,0,0,0
6,6,0,583,6,5720.31,0,0,0,1,0,0,1,0,0,1
2,7,0,1360,7,8411.78,1,0,0,0,0,1,0,0,0,1
1,1,0,1017,1,8932.53,1,0,0,0,0,1,0,0,0,1
4,8,0,1382,8,12045.59,1,0,0,0,0,0,1,0,0,1
4,5,0,4578,5,5642.79,0,0,1,0,0,1,0,0,0,0
1,1,0,940,1,6991.21,1,0,0,0,0,0,1,0,0,0
4,2,0,1753,2,16541.35,1,0,0,0,0,0,0,1,0,0
2,2,0,1761,2,6370.41,1,0,0,0,0,0,1,0,0,0
2,8,0,1866,8,8438.36,0,0,0,1,0,0,1,0,0,1
3,10,0,1564,10,15728.98,1,0,0,0,0,0,0,1,0,1
2,5,0,1832,5,5384.32,1,0,0,0,0,0,0,1,0,1
1,3,0,1552,3,4632.8,0,0,1,0,0,1,0,0,0,0
4,2,0,358,2,4465.41,1,0,0,0,0,1,0,0,0,0
2,2,0,845,2,10202.73,0,0,1,0,0,1,0,0,0,1
3,6,0,377,7,7765.53,0,0,1,0,0,1,0,0,0,1
1,2,0,340,2,3773.87,1,0,0,0,1,0,0,0,0,0
4,4,0,190,4,8079.96,1,0,0,0,0,0,0,1,0,0
2,1,0,416,1,3664.0,1,0,0,0,0,0,1,0,0,0
2,4,0,116,4,9090.87,1,0,0,0,0,1,0,0,0,1
1,1,0,308,1,10348.63,0,0,0,1,0,0,1,0,0,1
2,4,1,120,4,8633.29,1,0,0,0,0,1,0,0,0,0
2,5,1,0,5,7695.53,1,0,0,0,0,0,0,1,0,0
2,20,0,419,20,8339.87,0,0,1,0,0,1,0,0,0,0
1,5,0,385,5,18995.96,0,0,0,1,1,0,0,0,0,1
2,2,0,52,2,8191.88,1,0,0,0,0,1,0,0,0,1
2,3,0,910,3,9901.26,0,0,0,1,0,0,1,0,0,1
4,7,1,408,7,11763.21,1,0,0,0,0,0,1,0,0,0
5,3,0,495,3,8536.38,0,0,1,0,0,1,0,0,0,0
4,15,0,411,15,12897.64,0,0,1,0,0,1,0,0,0,0
3,4,0,654,4,7965.19,0,0,1,0,0,1,0,0,0,0
3,2,1,771,5,6371.98,1,0,0,0,0,0,1,0,0,1
1,1,0,98,1,10712.32,1,0,0,0,0,0,1,0,0,1
2,3,0,20,3,7893.0,1,0,0,0,0,1,0,0,0,1
2,5,0,1266,5,6172.53,1,0,0,0,0,0,0,1,0,0
1,4,0,864,3,3853.88,0,0,0,1,0,0,0,1,0,0
1,3,1,1493,3,8078.4,1,0,0,0,0,0,0,1,0,1
2,2,0,257,2,4059.83,1,0,0,0,0,0,0,1,0,0
1,1,1,960,1,2568.24,1,0,0,0,0,0,0,1,0,1
1,-2,1,611,-2,4622.28,0,1,0,0,0,0,0,1,0,0
1,3,0,481,1,10649.71,1,0,0,0,0,0,1,0,0,0
1,-2,0,4162,-2,7021.63,0,1,0,0,0,1,0,0,0,0
1,2,0,4115,4,11797.87,1,0,0,0,0,0,0,0,0,0
2,2,1,3912,1,17733.36,1,0,0,0,0,1,0,0,0,0
2,1,1,4085,1,4051.52,1,0,0,0,1,0,0,0,0,0
2,3,0,1289,3,12575.47,1,0,0,0,0,1,0,0,0,0
3,2,0,1715,2,6248.74,0,0,1,0,0,1,0,0,0,1
6,21,0,1430,21,4729.03,0,0,1,0,0,1,0,0,0,0
3,7,0,781,7,4609.67,1,0,0,0,0,1,0,0,0,1
7,3,0,1924,3,19790.05,0,0,1,0,0,0,0,1,0,0
1,-2,0,504,1,4393.66,0,1,0,0,0,0,0,0,0,0
1,2,0,1604,2,6849.88,1,0,0,0,0,1,0,0,0,1
2,1,0,1153,1,2999.16,0,0,1,0,0,1,0,0,0,1
2,3,0,1885,3,9458.14,1,0,0,0,0,1,0,0,0,0
5,7,0,1143,7,14383.1,1,0,0,0,0,1,0,0,1,0
4,2,1,1472,2,9922.22,1,0,0,0,1,0,0,0,0,0
1,2,0,172,2,3198.21,1,0,0,0,0,1,0,0,0,0
3,5,0,1880,-2,11507.44,0,0,1,0,0,1,0,0,0,0
6,4,0,1641,4,4260.48,0,0,1,0,1,0,0,0,0,1
3,3,1,521,3,6727.43,1,0,0,0,0,1,0,0,1,0
2,-2,1,961,-2,3817.06,0,1,0,0,1,0,0,0,0,1
2,2,0,1818,2,9701.85,1,0,0,0,0,1,0,0,0,0
2,6,0,1295,6,5832.51,0,0,1,0,0,1,0,0,0,1
1,2,0,1286,2,4128.78,0,0,1,0,0,1,0,0,0,1
3,3,0,1512,2,11270.07,0,0,1,0,0,1,0,0,0,0
2,-2,1,645,-2,3127.98,0,1,0,0,1,0,0,0,0,0
3,-2,0,471,-2,4105.72,0,1,0,0,0,1,0,0,0,0
4,1,0,1415,1,11039.69,0,0,1,0,1,0,0,0,0,0
2,-2,0,1391,-2,507.62,0,1,0,0,0,0,0,0,0,0
5,5,0,1249,5,5608.84,0,0,1,0,1,0,0,0,0,0
1,1,0,1836,-2,4398.02,1,0,0,0,0,1,0,0,0,0
2,2,0,1305,3,8859.28,1,0,0,0,0,1,0,0,0,1
2,2,0,1519,3,8038.8,0,0,1,0,0,1,0,0,0,0
4,1,0,823,1,4303.67,0,0,1,0,0,1,0,0,0,0
2,2,0,1614,2,7495.36,0,0,1,0,0,1,0,0,0,1
1,1,0,844,1,2102.32,0,0,1,0,0,1,0,0,0,0
4,3,0,1095,3,6359.9,0,0,1,0,0,1,0,0,0,0
1,1,0,1379,1,4271.83,0,0,1,0,0,0,0,0,0,0
3,2,0,1622,2,7692.22,0,0,1,0,0,0,0,0,0,0
1,0,0,1959,1,5346.73,1,0,0,0,0,1,0,0,0,0
6,3,0,935,3,14890.61,1,0,0,0,0,1,0,0,1,0
1,-2,1,491,-2,1154.08,0,1,0,0,0,0,0,0,1,0
1,-2,0,816,2,653.7,0,1,0,0,0,0,0,0,0,0
1,2,0,825,2,2138.42,0,0,1,0,0,0,0,0,0,0
2,4,1,1413,4,10643.14,1,0,0,0,0,1,0,0,1,0
1,3,0,1288,3,7595.21,0,0,1,0,0,1,0,0,0,0
1,2,0,375,2,2720.5,0,0,1,0,0,1,0,0,0,0
1,-2,0,1764,-2,3086.98,0,1,0,0,0,0,0,0,0,0
1,-2,0,1713,-2,4565.68,0,1,0,0,0,1,0,0,0,0
2,2,0,1177,2,3233.9,0,0,1,0,0,1,0,0,0,0
3,4,1,1513,3,4846.46,1,0,0,0,1,0,0,0,0,0
3,5,0,923,5,6741.34,0,0,1,0,0,1,0,0,1,0
2,2,0,385,2,6433.73,0,0,1,0,0,1,0,0,0,1
1,-2,1,894,-2,2247.07,0,1,0,0,1,0,0,0,0,0
4,25,0,1244,25,7642.15,0,0,1,0,0,1,0,0,0,1
4,3,0,207,3,5156.46,1,0,0,0,0,1,0,0,0,1
3,5,0,1708,5,13732.92,1,0,0,0,0,1,0,0,0,1
2,4,0,1191,4,8151.45,0,0,1,0,0,1,0,0,0,1
4,3,0,1447,3,9067.08,0,0,1,0,0,0,0,0,0,0
3,-2,0,1403,-2,4207.03,0,1,0,0,0,0,0,0,0,0
4,1,0,816,1,5571.54,0,0,1,0,0,1,0,0,0,0
2,2,0,1342,2,4569.5,0,0,1,0,0,1,0,0,0,0
5,8,0,634,3,9311.44,1,0,0,0,0,1,0,0,0,1
1,-2,0,700,-2,912.54,0,1,0,0,0,0,0,0,0,0
1,6,0,1173,4,8912.72,1,0,0,0,0,1,0,0,1,0
2,4,0,2122,4,12230.65,1,0,0,0,0,1,0,0,0,1
3,2,0,1818,2,4372.49,1,0,0,0,0,1,0,0,0,0
5,2,0,1966,0,4831.18,0,0,0,1,0,0,0,0,0,0
3,2,0,1595,2,15603.98,0,0,1,0,0,1,0,0,0,0
5,-2,0,685,-2,6198.43,0,1,0,0,1,0,0,0,0,0
3,-2,1,1611,2,7870.08,0,1,0,0,1,0,0,0,0,0
4,21,0,1284,21,8487.56,0,0,1,0,0,1,0,0,0,0
3,7,0,876,7,3283.96,0,0,1,0,0,1,0,0,0,0
4,6,0,2002,6,3238.96,0,0,1,0,0,1,0,0,0,1
2,3,0,1097,3,7085.61,0,0,1,0,0,0,0,0,1,0
3,3,0,834,3,8402.93,0,0,1,0,0,1,0,0,0,0
2,2,1,909,2,2705.54,1,0,0,0,1,0,0,0,0,0
3,6,0,683,6,17791.53,0,0,1,0,1,0,0,0,1,0
6,5,0,1332,5,5998.7,0,0,1,0,0,1,0,0,0,0
1,1,0,1363,1,8250.17,1,0,0,0,0,1,0,0,0,0
3,3,0,1686,3,7474.25,1,0,0,0,0,1,0,0,0,0
3,-2,0,1745,-2,4342.75,0,1,0,0,0,1,0,0,0,1
3,1,0,1362,1,10814.75,1,0,0,0,0,1,0,0,1,0
3,4,1,1453,4,10633.15,1,0,0,0,0,1,0,0,0,0
2,3,0,2145,3,15874.88,1,0,0,0,0,1,0,0,0,0
6,10,0,1764,5,8588.0,0,0,1,0,0,1,0,0,0,1
4,6,1,168,5,4717.72,1,0,0,0,0,1,0,0,0,0
1,1,1,1246,1,6882.74,1,0,0,0,0,1,0,0,0,1
3,-2,1,596,-2,5894.24,0,1,0,0,0,0,0,0,0,0
6,4,0,1798,4,7312.3,0,0,1,0,0,0,0,0,0,0
1,-2,0,1497,-2,3443.1,0,1,0,0,1,0,0,0,0,0
3,-2,0,2224,6,6458.75,0,1,0,0,0,1,0,0,0,0
3,1,0,1584,1,7831.37,0,0,1,0,0,1,0,0,0,0
2,7,0,1687,7,10874.3,0,0,1,0,0,1,0,0,0,0
1,6,0,2193,5,3404.73,1,0,0,0,0,1,0,0,0,0
2,10,0,509,10,2595.03,1,0,0,0,0,0,0,0,0,0
2,2,0,621,2,10247.56,0,0,1,0,0,1,0,0,0,0
5,3,0,1558,3,17173.78,1,0,0,0,0,1,0,0,0,0
4,1,0,648,1,6214.57,0,0,1,0,0,1,0,0,0,1
3,7,0,1860,7,6936.96,0,0,1,0,1,0,0,0,0,1
3,6,1,2166,6,10956.71,1,0,0,0,0,1,0,0,0,0
2,1,0,2111,1,13958.13,1,0,0,0,0,1,0,0,0,0
1,2,0,1079,2,4150.23,1,0,0,0,0,1,0,0,0,0
1,-2,0,745,-2,3478.24,0,1,0,0,1,0,0,0,0,0
4,3,0,1225,3,7287.89,0,0,1,0,0,1,0,0,0,1
2,5,0,625,5,4654.93,1,0,0,0,0,1,0,0,0,0
4,-2,0,1721,3,3491.94,0,1,0,0,0,0,0,0,0,0
4,3,0,1383,3,6915.5,0,0,1,0,0,1,0,0,0,1
3,3,0,1226,4,4222.48,1,0,0,0,0,1,0,0,0,1
3,4,1,1233,4,9719.93,1,0,0,0,0,1,0,0,0,0
2,4,0,1342,4,6813.73,0,0,1,0,0,1,0,0,0,0
2,2,0,1345,-2,4323.38,0,0,1,0,0,1,0,0,0,0
1,2,1,4810,3,4841.51,1,0,0,0,1,0,0,0,0,0
3,3,0,1855,2,7377.88,1,0,0,0,0,0,1,0,0,0
1,3,0,1142,3,3931.61,1,0,0,0,0,1,0,0,0,0
1,0,1,2094,1,3963.32,1,0,0,0,0,1,0,0,0,0
2,1,0,1928,1,5147.37,0,0,1,0,0,1,0,0,0,0
4,2,0,1538,2,5304.11,0,0,1,0,0,1,0,0,0,1
1,1,0,1018,1,2099.52,1,0,0,0,0,1,0,0,0,0
3,4,0,1492,4,18153.0,0,0,1,0,0,1,0,0,1,0
2,2,0,1861,2,6218.24,0,0,1,0,0,1,0,0,0,0
4,2,0,1225,2,12416.45,1,0,0,0,0,1,0,0,0,0
4,3,0,820,3,5240.5,0,0,1,0,0,1,0,0,1,0
5,20,0,1807,22,6658.58,0,0,1,0,0,1,0,0,0,1
2,0,0,1247,0,3481.37,0,0,1,0,0,1,0,0,0,0
1,-2,0,1331,2,6084.89,0,1,0,0,0,1,0,0,1,0
2,3,0,1415,2,2712.22,0,0,1,0,0,1,0,0,0,0
4,5,0,546,5,9534.04,1,0,0,0,0,1,0,0,0,0
4,2,0,4453,2,8803.71,1,0,0,0,0,0,0,0,0,1
1,-2,0,4421,-2,3005.07,0,1,0,0,0,1,0,0,0,0
2,1,0,1251,1,5390.06,0,0,1,0,0,1,0,0,0,1
4,7,0,795,10,9389.55,0,0,1,0,0,1,0,0,0,1
5,4,0,1745,4,7484.58,0,0,1,0,0,1,0,0,0,0
2,1,0,1353,1,11012.41,0,0,1,0,0,1,0,0,1,0
3,10,0,1598,10,4047.89,1,0,0,0,0,1,0,0,0,1
1,2,0,1134,2,4977.45,0,0,1,0,0,1,0,0,0,0
1,1,1,1377,1,5580.42,1,0,0,0,1,0,0,0,0,0
2,3,0,1785,3,11930.86,0,0,1,0,0,1,0,0,0,1
3,3,1,1857,3,12448.49,0,0,1,0,0,1,0,0,0,0
1,1,0,1143,1,2156.53,1,0,0,0,0,0,0,0,0,0
1,-2,0,602,-2,637.89,0,1,0,0,0,1,0,0,0,0
2,-2,0,866,1,2027.4,0,1,0,0,0,1,0,0,0,0
4,5,0,1398,5,7217.66,0,0,1,0,1,0,0,0,0,1
2,5,0,1294,5,9085.45,0,0,1,0,0,1,0,0,0,1
4,-2,1,789,-2,6350.5,0,1,0,0,1,0,0,0,0,1
2,5,0,4488,5,21326.57,0,0,1,0,1,0,0,0,1,0
2,2,0,1331,2,11009.53,0,0,1,0,0,0,0,0,0,0
3,3,0,641,3,2158.03,0,0,1,0,0,1,0,0,1,0
1,1,0,899,1,2832.79,1,0,0,0,0,1,0,0,0,0
5,3,0,1666,3,3542.43,1,0,0,0,0,0,0,0,0,0
2,12,0,1817,12,12077.64,0,0,1,0,0,1,0,0,0,0
3,7,0,2163,7,7174.54,1,0,0,0,0,1,0,0,0,0
6,5,0,1702,5,8890.12,1,0,0,0,0,1,0,0,0,1
4,1,0,1683,1,474.62,0,0,1,0,0,1,0,0,0,0
1,1,0,829,1,4164.49,0,0,1,0,1,0,0,0,0,0
4,-2,1,487,-2,6033.61,0,1,0,0,1,0,0,0,0,0
1,1,0,690,1,6864.86,0,0,1,0,1,0,0,0,0,0
3,5,0,1789,5,12544.9,0,0,1,0,0,1,0,0,1,0
5,7,0,1289,6,17193.75,0,0,1,0,0,1,0,0,0,1
4,4,0,1191,4,1934.24,0,0,1,0,0,1,0,0,0,1
1,1,0,1985,1,4639.19,1,0,0,0,0,1,0,0,0,1
4,-2,1,818,-2,1920.75,0,1,0,0,0,0,0,0,0,0
4,-2,1,1506,-2,6587.1,0,1,0,0,1,0,0,0,0,0
1,1,1,700,1,7638.59,1,0,0,0,1,0,0,0,0,0
4,-2,0,579,-2,2332.99,0,1,0,0,1,0,0,0,0,1
5,2,1,1660,2,8183.99,1,0,0,0,1,0,0,0,0,1
1,0,0,748,-2,3943.53,1,0,0,0,0,0,0,0,0,0
4,1,0,1498,1,5469.73,0,0,1,0,1,0,0,0,0,0
2,3,0,1210,3,5856.4,1,0,0,0,1,0,0,0,0,0
4,4,0,1757,4,5901.07,0,0,1,0,0,1,0,0,0,0
1,4,0,547,7,5636.3,1,0,0,0,0,1,0,0,0,0
5,5,0,885,5,12666.49,1,0,0,0,0,1,0,0,1,0
2,-2,0,599,-2,4078.91,0,1,0,0,0,0,0,0,0,1
2,2,0,933,2,4981.09,0,0,1,0,0,1,0,0,0,1
1,7,0,1506,7,3013.41,1,0,0,0,0,1,0,0,0,0
6,2,1,1138,2,4336.9,1,0,0,0,0,0,0,0,0,1
7,-2,1,792,-2,4794.76,0,1,0,0,0,0,0,0,0,1
3,10,1,1362,10,11532.27,0,0,1,0,0,1,0,0,0,0
1,-2,1,867,-2,4299.34,0,1,0,0,1,0,0,0,0,0
6,1,0,1227,5,2976.54,0,0,1,0,0,0,0,0,0,0
4,7,0,1231,7,10690.14,1,0,0,0,0,1,0,0,0,0
5,6,0,1531,6,9879.92,0,0,1,0,0,1,0,0,0,1
2,-2,0,809,-2,5354.42,0,1,0,0,1,0,0,0,0,1
4,12,0,1718,12,9401.81,1,0,0,0,0,1,0,0,0,0
1,1,0,1595,1,7489.0,1,0,0,0,0,1,0,0,0,0
2,2,1,1534,2,4629.8,1,0,0,0,0,0,0,1,0,0
5,-2,0,1303,-2,4064.66,0,1,0,0,0,0,0,0,0,1
1,1,0,1343,1,2139.06,1,0,0,0,0,1,0,0,0,0
4,2,0,2123,2,16497.78,0,0,1,0,0,1,0,0,1,0
4,7,0,1362,7,11990.84,0,0,1,0,0,1,0,0,0,1
2,2,0,1555,2,14911.42,1,0,0,0,0,1,0,0,0,1
1,-2,1,669,-2,5555.72,0,1,0,0,0,1,0,0,0,0
2,5,1,1767,4,3760.48,0,0,1,0,0,1,0,0,0,0
2,8,0,2125,8,11434.1,0,0,1,0,0,1,0,0,0,1
2,2,0,1416,1,3702.92,0,0,1,0,0,1,0,0,0,1
1,-2,0,839,-2,2309.95,0,1,0,0,0,1,0,0,0,0
4,3,0,1746,3,5620.92,0,0,1,0,0,1,0,0,0,1
4,10,1,1450,10,19132.0,1,0,0,0,0,1,0,0,0,1
2,12,0,1236,12,9368.61,0,0,1,0,0,1,0,0,0,0
3,-2,0,1223,-2,6374.81,0,1,0,0,0,1,0,0,0,0
1,3,1,1541,3,3605.81,1,0,0,0,0,1,0,0,0,0
1,1,0,1242,1,2263.81,0,0,1,0,0,1,0,0,0,0
1,1,0,1643,1,3880.66,1,0,0,0,0,1,0,0,0,0
5,20,0,1464,20,7363.18,1,0,0,0,0,1,0,0,0,1
1,2,1,846,2,3621.8,0,0,1,0,0,1,0,0,1,0
7,5,0,1223,3,3054.44,0,0,1,0,0,0,0,0,0,1
2,5,0,901,5,7930.58,0,0,1,0,0,1,0,0,0,0
4,10,0,1698,10,13801.66,1,0,0,0,0,1,0,0,0,1
3,-2,0,728,-2,2921.33,0,1,0,0,0,0,0,0,0,0
4,7,0,1485,7,12342.54,1,0,0,0,0,1,0,0,0,1
5,3,0,1743,3,10844.5,1,0,0,0,0,1,0,0,0,0
1,3,0,1298,3,1551.45,1,0,0,0,1,0,0,0,0,0
1,3,0,623,3,3674.07,0,0,1,0,0,1,0,0,0,0
1,1,0,172,2,2449.12,1,0,0,0,0,1,0,0,0,0
3,12,0,829,8,5139.1,0,0,1,0,0,1,0,0,0,1
3,-2,0,700,-2,3828.65,0,1,0,0,1,0,0,0,0,0
3,5,0,1192,5,10047.61,0,0,1,0,0,1,0,0,0,0
1,-2,1,322,-2,3321.19,0,1,0,0,1,0,0,0,0,0
5,10,0,1311,10,11210.4,0,0,1,0,0,1,0,0,0,1
3,2,0,1269,2,7581.87,0,0,1,0,1,0,0,0,0,0
4,3,1,1233,2,13725.89,0,0,1,0,0,1,0,0,1,0
2,2,0,192,2,11462.61,1,0,0,0,0,1,0,0,0,0
1,-2,0,1255,-2,2243.4,0,1,0,0,0,1,0,0,0,0
2,2,0,1684,2,5899.28,1,0,0,0,1,0,0,0,0,0
2,2,0,4041,2,8089.84,0,0,1,0,0,0,0,0,0,1
3,2,0,1935,2,11681.84,1,0,0,0,0,1,0,0,1,0
2,5,0,959,4,5949.72,1,0,0,0,1,0,0,0,0,1
4,7,0,892,7,11223.81,0,0,1,0,1,0,0,0,1,0
2,1,0,1587,1,11350.74,0,0,1,0,0,1,0,0,0,0
3,6,0,1498,3,9656.65,1,0,0,0,0,1,0,0,0,0
1,-2,0,703,-2,3577.25,0,1,0,0,0,1,0,0,0,0
3,3,0,1711,3,5462.85,0,0,1,0,0,1,0,0,1,0
3,4,0,405,4,15540.12,0,0,1,0,0,1,0,0,0,0
4,4,0,1401,4,8642.62,0,0,1,0,0,1,0,0,0,0
2,4,0,1294,4,2419.28,0,0,1,0,0,1,0,0,0,1
1,-2,0,258,-2,2065.06,0,1,0,0,0,1,0,0,0,0
1,-2,0,1239,-2,2539.77,0,1,0,0,0,1,0,0,0,0
1,-2,0,1279,-2,2735.15,0,1,0,0,0,1,0,0,0,0
2,10,0,1384,10,12727.26,0,0,1,0,0,1,0,0,1,0
4,2,1,1110,2,4693.06,0,0,1,0,1,0,0,0,0,0
2,4,1,1334,4,13920.84,1,0,0,0,1,0,0,0,0,1
5,5,0,2074,5,3448.77,1,0,0,0,1,0,0,0,0,0
6,4,0,1778,4,13933.59,0,0,1,0,0,1,0,0,0,1
4,3,0,1245,3,17802.09,1,0,0,0,0,1,0,0,0,1
3,4,1,1615,4,8400.62,1,0,0,0,0,1,0,0,0,1
3,1,0,1042,1,2741.76,1,0,0,0,1,0,0,0,0,0
1,2,1,824,2,3609.09,1,0,0,0,1,0,0,0,0,0
3,1,0,1507,1,8727.69,1,0,0,0,0,1,0,0,0,0
3,4,0,2008,4,7368.07,0,0,1,0,0,1,0,0,0,1
2,2,0,283,2,6086.8,1,0,0,0,1,0,0,0,0,0
2,5,0,1596,5,11167.66,0,0,1,0,0,0,0,0,1,0
3,4,0,1620,4,15367.06,1,0,0,0,0,1,0,0,0,1
2,-2,1,511,-2,4272.87,0,1,0,0,0,0,0,0,0,0
2,4,1,2086,4,12321.3,1,0,0,0,0,1,0,0,0,0
2,3,0,554,3,2631.4,0,0,1,0,1,0,0,0,0,0
1,-2,0,1082,-2,1860.82,0,1,0,0,1,0,0,0,0,1
4,12,0,1409,12,10366.22,0,0,1,0,0,1,0,0,0,1
2,7,0,723,7,12562.37,0,0,1,0,1,0,0,0,0,0
1,1,0,1707,1,6915.78,0,0,1,0,0,1,0,0,0,1
1,-2,0,726,-2,1492.4,0,1,0,0,1,0,0,0,0,0
2,4,0,171,3,5586.44,1,0,0,0,0,1,0,0,0,0
4,5,1,1247,5,9978.5,1,0,0,0,1,0,0,0,0,0
4,5,0,456,5,5424.07,0,0,1,0,0,1,0,0,0,1
1,-2,0,576,-2,2110.47,0,1,0,0,0,0,0,0,0,0
4,-2,0,1511,-2,4587.87,0,1,0,0,0,1,0,0,0,0
1,3,1,1089,3,11203.24,0,0,1,0,0,1,0,0,0,0
1,0,0,1763,0,2256.01,0,0,1,0,0,1,0,0,0,0
1,10,0,1962,10,3891.65,0,0,1,0,1,0,0,0,0,0
1,2,0,1367,2,2803.97,0,0,1,0,0,1,0,0,0,0
2,-2,0,1209,-2,3092.31,0,1,0,0,0,1,0,0,0,0
1,-2,0,1118,2,960.92,0,1,0,0,0,1,0,0,0,0
1,-2,0,733,-2,3030.01,0,1,0,0,0,0,0,0,0,0
2,4,0,488,4,14980.02,1,0,0,0,0,1,0,0,1,0
3,2,0,1783,2,3898.42,0,0,1,0,0,1,0,0,0,0
3,5,0,1161,5,6748.92,0,0,1,0,0,1,0,0,0,0
3,-2,0,1431,-2,3138.97,0,1,0,0,1,0,0,0,0,0
1,-2,0,1180,-2,3521.85,0,1,0,0,0,1,0,0,0,0
6,3,0,1732,3,15600.6,0,0,1,0,0,1,0,0,0,1
3,1,0,1226,1,7449.19,0,0,1,0,0,1,0,0,0,0
2,1,0,174,1,6838.22,1,0,0,0,0,1,0,0,0,1
3,3,0,1566,3,500.04,0,0,1,0,0,1,0,0,0,0
2,-2,1,1373,-2,5475.87,0,1,0,0,0,1,0,0,0,0
6,1,0,1259,1,10118.83,1,0,0,0,0,1,0,0,0,0
1,2,1,954,2,3992.91,1,0,0,0,1,0,0,0,0,0
3,-2,0,1519,-2,4070.0,0,1,0,0,0,0,0,0,0,0
1,-2,0,1251,-2,1792.29,0,1,0,0,0,1,0,0,0,0
3,-2,0,1256,-2,2400.97,0,1,0,0,1,0,0,0,0,0
3,1,0,1761,1,4467.6,1,0,0,0,1,0,0,0,0,0
2,6,1,1205,6,9658.27,1,0,0,0,0,1,0,0,0,1
2,1,1,867,1,4283.26,1,0,0,0,1,0,0,0,0,0
2,1,0,1221,1,3302.06,0,0,1,0,0,0,0,0,0,0
1,1,0,1224,1,2244.45,0,0,1,0,0,0,0,0,0,0
4,2,0,1785,2,8865.15,1,0,0,0,0,1,0,0,0,1
2,7,0,1196,7,7018.24,0,0,1,0,0,1,0,0,0,0
2,4,0,1686,4,8934.51,0,0,1,0,0,1,0,0,0,1
2,2,0,1258,2,6305.67,1,0,0,0,0,1,0,0,0,0
2,1,0,506,1,3195.26,0,0,1,0,0,0,0,0,0,0
1,-2,1,1037,-2,5458.54,0,1,0,0,1,0,0,0,0,0
1,-2,0,2002,-2,2998.6,0,1,0,0,0,1,0,0,0,0
4,5,0,1476,4,4175.25,1,0,0,0,1,0,0,0,0,0
3,-2,0,817,-2,4785.47,0,1,0,0,0,1,0,0,0,0
5,5,0,637,5,7885.56,0,0,1,0,0,1,0,0,0,0
4,5,0,498,5,3301.4,0,0,1,0,0,0,0,0,0,0
2,2,1,1135,2,2691.11,1,0,0,0,1,0,0,0,0,0
1,-2,0,1513,-2,5060.57,0,1,0,0,0,1,0,0,0,0
1,1,0,1704,1,4060.81,1,0,0,0,1,0,0,0,0,0
6,-2,1,1308,-2,5257.89,0,1,0,0,1,0,0,0,0,0
5,7,0,1547,7,14862.48,1,0,0,0,0,1,0,0,0,0
2,-2,1,1606,-2,3919.22,0,1,0,0,1,0,0,0,0,0
5,12,0,1131,12,9982.09,0,0,1,0,0,1,0,0,0,1
2,5,0,1642,5,8506.7,0,0,1,0,0,1,0,0,0,1
1,4,0,1787,4,3460.72,0,0,1,0,1,0,0,0,0,0
6,6,0,1247,6,11347.53,0,0,1,0,0,1,0,0,0,1
2,3,0,1512,3,8604.77,1,0,0,0,0,0,0,0,0,0
7,2,0,1202,2,6424.35,1,0,0,0,0,1,0,0,0,1
2,2,0,1652,2,7601.14,0,0,1,0,0,1,0,0,0,1
1,1,0,1208,1,1584.17,0,0,1,0,0,1,0,0,0,0
5,1,0,1743,1,3677.11,1,0,0,0,0,1,0,0,0,1
2,2,0,1273,2,6290.54,1,0,0,0,0,1,0,0,0,0
2,2,0,1238,2,4584.94,0,0,1,0,0,1,0,0,0,0
1,3,0,1232,2,8372.42,1,0,0,0,0,1,0,0,1,0
5,10,0,1371,10,6871.78,0,0,1,0,0,1,0,0,0,1
2,4,1,2198,4,14673.48,1,0,0,0,1,0,0,0,0,0
1,4,0,1466,4,7816.83,0,0,1,0,0,1,0,0,0,0
2,3,0,788,3,4386.19,0,0,1,0,0,0,0,0,0,0
6,7,0,1232,14,10682.13,0,0,1,0,0,1,0,0,0,0
4,5,0,1787,5,10271.66,1,0,0,0,0,1,0,0,0,0
2,2,0,989,2,9747.5,1,0,0,0,0,1,0,0,0,0
6,3,0,1412,3,7060.72,0,0,1,0,1,0,0,0,0,0
1,1,0,833,1,1031.76,1,0,0,0,0,0,0,0,0,0
1,-2,1,679,-2,1604.71,0,1,0,0,0,1,0,0,0,0
5,-2,0,1598,-2,5431.0,0,1,0,0,0,1,0,0,0,0
5,2,0,1309,2,6329.81,1,0,0,0,0,1,0,0,0,1
1,3,0,1458,3,4100.26,1,0,0,0,0,1,0,0,0,0
4,2,0,1415,2,3588.31,0,0,1,0,1,0,0,0,0,0
1,3,0,497,3,2237.52,1,0,0,0,0,0,0,0,0,0
2,-2,0,1130,-2,5275.53,0,1,0,0,0,1,0,0,0,0
2,-2,0,1223,-2,2439.34,0,1,0,0,0,0,0,0,0,0
1,-2,1,1398,-2,2053.82,0,1,0,0,1,0,0,0,0,0
5,15,0,1400,15,7265.56,0,0,1,0,0,1,0,0,1,0
1,-2,0,1183,-2,1796.87,0,1,0,0,0,1,0,0,0,0
1,2,0,1359,2,1623.89,0,0,1,0,0,1,0,0,0,0
4,3,0,1985,3,7732.09,1,0,0,0,0,1,0,0,0,1
2,-2,0,1460,-2,1487.04,0,1,0,0,0,1,0,0,0,0
4,-2,0,1228,-2,4342.48,0,1,0,0,1,0,0,0,0,0
2,7,0,2134,7,15473.51,1,0,0,0,0,1,0,0,1,0
3,2,0,1309,2,2715.96,1,0,0,0,0,0,0,0,0,0
4,2,0,1817,2,6623.05,1,0,0,0,0,1,0,0,0,0
2,-2,0,761,-2,1210.69,0,1,0,0,1,0,0,0,0,0
3,1,0,1341,1,6455.48,1,0,0,0,0,1,0,0,0,0
2,0,0,1013,0,6155.71,1,0,0,0,0,1,0,0,0,0
4,7,0,1876,7,12697.59,0,0,1,0,0,1,0,0,0,1
2,3,0,1479,3,8032.62,1,0,0,0,0,1,0,0,0,1
2,-2,1,744,-2,5963.32,0,1,0,0,1,0,0,0,0,0
3,2,0,1313,2,4735.42,1,0,0,0,0,1,0,0,0,1
2,1,0,725,1,8475.31,1,0,0,0,0,1,0,0,0,0
1,-2,0,1937,-2,7135.47,0,1,0,0,0,0,0,0,0,0
2,3,0,1107,3,8045.52,0,0,1,0,0,1,0,0,0,0
2,8,0,1707,7,15199.1,0,0,1,0,0,1,0,0,0,0
2,1,0,600,1,3258.66,1,0,0,0,0,1,0,0,0,1
2,1,0,360,1,9805.74,0,0,1,0,0,1,0,0,1,0
2,5,0,4386,5,8632.21,1,0,0,0,0,1,0,0,0,1
1,1,0,851,1,5347.07,1,0,0,0,1,0,0,0,0,0
2,2,0,1767,2,7920.74,0,0,1,0,0,1,0,0,0,1
1,3,1,724,3,4502.8,1,0,0,0,0,1,0,0,0,1
3,5,0,1201,5,4580.19,0,0,1,0,0,1,0,0,0,1
2,4,0,1802,4,12026.13,0,0,1,0,0,0,0,0,0,1
2,-2,0,1384,-2,3451.33,0,1,0,0,0,0,0,0,0,0
4,1,0,1104,-2,1949.23,0,0,1,0,0,0,0,0,0,0
2,4,0,850,5,6244.95,0,0,1,0,0,1,0,0,0,1
2,-2,0,689,-2,1809.36,0,1,0,0,1,0,0,0,0,1
4,3,1,1741,3,13384.12,0,0,1,0,0,1,0,0,1,0
4,1,0,1242,1,5877.49,0,0,1,0,0,1,0,0,0,1
6,6,0,1538,6,17681.43,0,0,1,0,0,1,0,0,1,0
3,3,0,1112,3,6213.9,1,0,0,0,0,1,0,0,0,0
3,4,0,1462,4,5043.43,0,0,1,0,0,1,0,0,0,1
3,7,0,1070,7,5702.39,1,0,0,0,0,1,0,0,0,1
1,12,0,1193,10,7246.15,1,0,0,0,0,1,0,0,0,1
5,6,0,179,6,8877.09,1,0,0,0,0,1,0,0,0,1
4,4,0,4527,4,11159.91,0,0,1,0,0,1,0,0,0,1
3,5,0,1474,5,9937.95,1,0,0,0,0,1,0,0,0,0
3,2,0,1905,2,10270.81,1,0,0,0,0,1,0,0,0,1
2,3,0,1177,2,11619.11,1,0,0,0,0,1,0,0,0,1
2,2,0,940,2,6880.82,0,0,1,0,0,1,0,0,0,1
5,5,1,1780,5,11154.64,0,0,1,0,1,0,0,0,0,1
5,-2,0,1140,-2,3639.94,0,1,0,0,0,1,0,0,0,0
2,3,0,1552,3,8258.67,0,0,1,0,0,1,0,0,0,1
3,10,0,608,10,5680.25,0,0,1,0,0,1,0,0,0,1
1,-2,1,770,-2,3021.21,0,1,0,0,0,0,0,0,0,0
1,1,0,2015,1,10108.68,1,0,0,0,0,1,0,0,0,0
2,2,0,1968,2,3828.91,0,0,1,0,0,1,0,0,0,0
2,-2,0,1277,-2,7619.33,0,1,0,0,1,0,0,0,0,0
2,5,0,890,3,3806.46,0,0,1,0,0,1,0,0,0,1
3,3,0,1091,3,2815.04,0,0,1,0,1,0,0,0,0,0
3,3,0,1529,3,18638.45,0,0,1,0,0,1,0,0,1,0
2,2,0,1422,2,3708.91,0,0,1,0,0,1,0,0,0,1
2,1,0,1193,1,4094.18,1,0,0,0,1,0,0,0,0,0
2,8,0,1421,8,5505.57,1,0,0,0,0,1,0,0,0,0
4,1,0,1239,1,11123.41,1,0,0,0,0,0,0,0,0,0
3,7,0,1358,7,9215.01,0,0,1,0,0,1,0,0,1,0
3,5,0,1654,5,16008.87,1,0,0,0,0,1,0,0,0,1
2,1,1,1225,1,3415.67,0,0,1,0,1,0,0,0,0,0
2,5,0,1215,5,7344.24,0,0,1,0,0,1,0,0,0,1
3,-2,1,1728,1,11215.32,0,1,0,0,0,0,1,0,0,0
1,-2,0,509,-2,2369.46,0,1,0,0,0,1,0,0,0,1
2,1,0,1715,1,5869.11,0,0,1,0,0,1,0,0,0,1
2,4,0,1876,4,5297.49,1,0,0,0,0,1,0,0,0,1
1,-2,0,1392,-2,2556.7,0,1,0,0,0,0,0,0,0,0
3,10,0,999,10,8277.51,1,0,0,0,0,1,0,0,0,0
2,3,0,1744,3,16207.98,0,0,1,0,0,1,0,0,1,0
2,2,0,1564,4,11138.43,0,0,1,0,0,1,0,0,0,0
3,2,0,1325,2,12996.31,0,0,1,0,0,1,0,0,0,0
2,5,0,302,5,4675.53,0,0,1,0,0,1,0,0,0,0
3,5,0,548,5,10036.37,1,0,0,0,0,1,0,0,1,0
5,6,0,1264,4,6752.17,0,0,1,0,0,0,0,0,0,0
4,5,0,1388,5,4283.54,0,0,1,0,0,1,0,0,0,0
3,4,0,1245,3,8063.37,0,0,1,0,0,1,0,0,0,0
3,2,0,1704,2,8356.83,0,0,1,0,0,1,0,0,0,0
2,3,0,802,3,2964.01,1,0,0,0,0,0,0,0,0,0
2,-2,0,196,-2,4793.52,0,1,0,0,0,1,0,0,0,0
2,3,0,1721,3,6355.9,0,0,1,0,0,1,0,0,0,1
3,-2,0,2042,-2,6154.92,0,1,0,0,0,1,0,0,0,1
2,2,0,1292,2,2700.83,1,0,0,0,0,0,0,0,0,0
2,2,0,1404,2,3371.06,1,0,0,0,0,1,0,0,0,0
1,1,0,1266,1,2312.43,1,0,0,0,0,1,0,0,0,1
2,-2,0,1646,-2,3785.64,0,1,0,0,0,1,0,0,0,1
6,-2,0,1695,-2,3233.56,0,1,0,0,0,1,0,0,0,0
4,1,0,1759,1,6150.85,0,0,1,0,0,1,0,0,0,0
1,1,0,1433,1,2028.61,1,0,0,0,0,1,0,0,0,0
2,-2,0,1248,-2,1020.19,0,1,0,0,0,1,0,0,0,0
2,-2,1,622,-2,15237.1,0,1,0,0,1,0,0,0,0,0
5,5,0,1263,6,6631.68,1,0,0,0,0,1,0,0,0,0
2,2,1,1225,2,3544.53,0,0,1,0,0,1,0,0,0,1
1,-2,0,1765,-2,1003.65,0,1,0,0,0,1,0,0,0,0
2,-2,0,384,-2,1875.29,0,1,0,0,0,1,0,0,0,1
2,5,0,781,4,7504.05,0,0,1,0,0,1,0,0,0,1
2,2,0,1338,2,3494.68,1,0,0,0,0,1,0,0,0,0
4,4,0,814,4,6179.05,0,0,1,0,0,1,0,0,0,0
4,5,0,1237,5,10206.76,1,0,0,0,0,1,0,0,0,1
3,-2,1,633,-2,3158.16,0,1,0,0,1,0,0,0,0,0
2,-2,1,1863,-2,8706.69,0,1,0,0,1,0,0,0,0,0
3,7,1,1968,5,17465.15,1,0,0,0,1,0,0,0,0,1
4,4,0,824,4,4067.45,0,0,1,0,0,1,0,0,0,1
2,2,0,1389,2,3203.99,0,0,1,0,0,1,0,0,0,0
5,2,0,1790,2,10793.13,1,0,0,0,0,1,0,0,0,0
2,3,0,4650,3,31612.64,0,0,1,0,0,1,0,0,0,0
3,3,0,1236,3,5675.67,0,0,1,0,0,1,0,0,0,1
4,7,1,873,7,13233.43,0,0,1,0,1,0,0,0,0,1
3,10,0,1147,10,8101.72,1,0,0,0,0,1,0,0,0,1
1,1,0,544,1,2941.41,0,0,1,0,0,1,0,0,0,0
1,0,0,1491,1,3437.8,0,0,1,0,0,1,0,0,0,0
5,6,1,1390,6,17459.78,0,0,1,0,0,1,0,0,0,1
3,4,1,1744,4,10541.5,1,0,0,0,0,1,0,0,0,0
5,4,0,1964,5,11218.51,1,0,0,0,1,0,0,0,0,0
3,10,0,1304,10,4600.73,0,0,1,0,0,1,0,0,0,0
1,1,0,1820,1,4133.34,0,0,1,0,0,1,0,0,0,0
4,-2,1,1624,-2,1609.95,0,1,0,0,0,1,0,0,0,0
4,1,0,951,1,5867.27,0,0,1,0,0,1,0,0,0,1
1,1,0,1286,1,2758.8,1,0,0,0,1,0,0,0,0,1
3,10,0,1818,10,10285.76,1,0,0,0,0,1,0,0,0,0
3,3,0,1680,3,6598.45,0,0,1,0,0,1,0,0,0,1
1,4,0,1758,4,3776.6,0,0,1,0,0,1,0,0,1,0
2,6,1,700,6,6455.38,1,0,0,0,0,1,0,0,0,1
3,2,0,1361,2,4794.51,1,0,0,0,0,1,0,0,0,0
3,4,0,458,5,5702.46,1,0,0,0,0,1,0,0,1,0
2,3,0,1734,3,8156.95,1,0,0,0,0,1,0,0,0,1
3,4,0,516,4,5741.03,0,0,1,0,0,1,0,0,0,1
4,15,0,878,15,13745.58,0,0,1,0,0,1,0,0,1,0
1,-2,1,1274,-2,1422.54,0,1,0,0,1,0,0,0,0,0
3,1,0,1746,1,5055.42,1,0,0,0,0,1,0,0,0,1
3,3,0,1657,3,15709.46,0,0,1,0,0,0,0,0,0,0
1,5,0,1205,5,3398.55,0,0,1,0,0,1,0,0,0,0
4,5,0,712,6,9067.66,0,0,1,0,0,1,0,0,1,0
3,5,0,1978,5,4512.73,0,0,1,0,0,1,0,0,0,0
4,8,0,1456,10,8570.1,1,0,0,0,0,1,0,0,0,1
2,30,0,1474,30,10659.3,0,0,1,0,0,1,0,0,0,1
2,-2,0,594,-2,4642.24,0,1,0,0,1,0,0,0,0,0
1,3,0,947,3,5053.05,1,0,0,0,0,1,0,0,0,1
7,4,0,428,4,7524.64,0,0,1,0,0,1,0,0,0,1
3,-2,1,1750,1,8908.82,0,1,0,0,1,0,0,0,0,0
4,-2,0,766,-2,1637.55,0,1,0,0,1,0,0,0,0,0
2,-2,0,761,-2,2826.42,0,1,0,0,0,1,0,0,0,0
2,2,0,1547,3,2642.44,0,0,1,0,0,1,0,0,0,1
4,10,1,197,10,10941.5,1,0,0,0,1,0,0,0,0,0
5,7,0,167,7,8633.11,0,0,1,0,0,1,0,0,1,0
6,2,0,1242,2,5794.56,0,0,1,0,1,0,0,0,0,0
2,2,0,1445,2,5634.03,1,0,0,0,0,1,0,0,1,0
3,3,0,606,3,4333.61,0,0,1,0,0,1,0,0,0,0
3,2,1,855,2,3237.03,1,0,0,0,1,0,0,0,0,1
1,1,1,482,1,2019.47,0,0,1,0,0,0,0,0,0,0
5,10,0,1676,10,8444.04,1,0,0,0,0,1,0,0,1,0
4,7,0,1137,7,6429.81,0,0,1,0,0,1,0,0,0,1
1,-2,1,1433,-2,3793.89,0,1,0,0,1,0,0,0,0,0
1,6,0,1204,6,12031.47,0,0,1,0,1,0,0,0,0,0
5,8,0,1316,8,11640.28,1,0,0,0,0,1,0,0,0,1
2,-2,1,1283,-2,3465.48,0,1,0,0,1,0,0,0,0,0
2,6,0,1623,6,8056.4,0,0,1,0,0,1,0,0,0,1
7,5,0,2016,5,8318.37,1,0,0,0,0,1,0,0,0,1
3,6,0,548,6,11517.02,0,0,1,0,0,1,0,0,0,1
2,2,0,1443,2,22418.51,1,0,0,0,0,1,0,0,0,1
4,1,0,1344,1,6845.9,0,0,1,0,0,1,0,0,0,1
2,-2,1,1765,-2,4563.84,0,1,0,0,1,0,0,0,0,0
6,3,0,1490,3,5689.5,1,0,0,0,0,1,0,0,0,1
2,2,0,1877,2,12734.39,0,0,1,0,0,1,0,0,0,1
3,-2,1,1465,-2,5339.83,0,1,0,0,0,0,0,0,0,0
1,2,1,1716,2,6760.87,1,0,0,0,1,0,0,0,0,0
5,2,0,1104,2,7535.98,0,0,1,0,1,0,0,0,0,0
3,5,1,1250,5,13322.49,1,0,0,0,0,1,0,0,0,1
4,5,0,1772,5,9459.99,1,0,0,0,0,1,0,0,0,1
2,5,1,1756,5,15133.75,0,0,1,0,0,1,0,0,1,0
1,-2,0,898,-2,1500.24,0,1,0,0,0,0,0,0,0,0
3,5,1,760,5,4603.0,1,0,0,0,1,0,0,0,0,0
1,-2,1,1247,-2,4384.11,0,1,0,0,1,0,0,0,0,0
3,4,0,1218,-2,13216.68,0,0,1,0,0,1,0,0,0,0
2,3,0,1548,3,10960.52,0,0,1,0,0,1,0,0,1,0
1,2,0,608,1,12487.23,1,0,0,0,1,0,0,0,0,0
5,3,0,1373,3,4867.14,1,0,0,0,0,1,0,0,0,0
1,4,1,849,4,7731.45,1,0,0,0,1,0,0,0,0,0
1,6,0,2174,6,13088.79,0,0,1,0,0,1,0,0,0,1
2,2,0,1155,2,7155.05,0,0,1,0,0,1,0,0,0,0
2,5,0,859,5,6543.44,0,0,1,0,0,1,0,0,0,1
3,4,0,1253,3,4975.83,1,0,0,0,0,1,0,0,0,1
1,-2,0,1512,-2,2786.77,0,1,0,0,0,0,0,0,0,0
2,1,0,551,1,5257.68,1,0,0,0,0,1,0,0,0,0
4,7,0,1790,7,10342.62,0,0,1,0,0,1,0,0,0,0
4,4,0,1161,4,14021.69,0,0,1,0,0,1,0,0,0,1
1,-2,0,1172,-2,7324.72,0,1,0,0,0,0,0,0,0,0
2,7,0,842,7,7665.08,0,0,1,0,0,1,0,0,0,0
2,1,0,1055,1,2638.38,1,0,0,0,0,1,0,0,0,0
4,4,0,1817,4,15358.63,0,0,1,0,0,0,0,0,0,1
2,5,0,442,5,4620.3,1,0,0,0,0,1,0,0,0,1
5,6,0,1861,6,8533.51,0,0,1,0,1,0,0,0,0,1
5,6,0,1790,6,9365.6,0,0,1,0,0,1,0,0,0,0
3,1,0,1783,1,15985.2,0,0,1,0,0,1,0,0,0,0
5,4,0,1326,4,11446.99,0,0,1,0,0,1,0,0,0,1
5,3,0,1740,4,5546.93,0,0,1,0,0,1,0,0,0,0
3,1,0,517,1,8639.34,0,0,1,0,0,1,0,0,0,0
3,6,0,1425,6,9232.02,0,0,1,0,0,1,0,0,0,1
2,3,0,1685,3,9976.25,0,0,1,0,0,1,0,0,0,1
1,2,0,1461,2,2851.33,1,0,0,0,0,1,0,0,0,0
1,2,0,4302,2,8670.58,0,0,1,0,0,1,0,0,0,0
2,2,1,1207,2,6227.34,1,0,0,0,1,0,0,0,0,0
6,9,0,1411,9,6692.01,0,0,1,0,0,1,0,0,0,0
5,6,0,819,7,5943.76,0,0,1,0,0,1,0,0,0,1
7,3,0,1701,4,11767.58,1,0,0,0,0,1,0,0,0,0
2,5,0,1188,5,6933.1,0,0,1,0,1,0,0,0,0,0
2,6,0,1109,6,4363.95,0,0,1,0,0,1,0,0,0,1
3,-2,1,1234,-2,6435.83,0,1,0,0,0,0,0,0,0,0
2,4,0,296,4,4145.77,1,0,0,0,0,1,0,0,0,1
2,2,0,1527,2,12056.25,0,0,1,0,0,1,0,0,0,1
1,-2,1,1487,-2,3971.07,0,1,0,0,1,0,0,0,0,0
5,6,0,1615,6,17710.28,0,0,1,0,0,1,0,0,0,1
4,-2,0,540,-2,2179.75,0,1,0,0,0,0,0,0,0,0
2,4,0,937,4,3878.85,1,0,0,0,0,0,0,0,0,1
5,3,0,872,3,4165.69,0,0,1,0,1,0,0,0,0,0
2,3,0,1685,3,18026.65,0,0,1,0,0,1,0,0,0,1
4,8,1,1559,5,9828.16,1,0,0,0,1,0,0,0,0,1
2,3,1,1456,3,11086.73,1,0,0,0,0,1,0,0,0,1
2,-2,0,829,-2,3931.86,0,1,0,0,1,0,0,0,0,0
2,1,0,474,1,4562.06,1,0,0,0,1,0,0,0,0,0
1,1,0,1747,1,7634.39,1,0,0,0,0,1,0,0,0,1
2,4,0,872,4,5139.11,0,0,1,0,0,1,0,0,0,1
3,4,0,1736,4,7442.72,1,0,0,0,0,1,0,0,0,0
2,1,0,864,1,7898.57,1,0,0,0,0,1,0,0,0,1
1,3,1,746,3,4664.97,1,0,0,0,1,0,0,0,0,0
2,1,0,938,1,11171.08,0,0,1,0,0,1,0,0,0,0
3,18,0,1531,18,14791.31,1,0,0,0,1,0,0,0,0,1
2,-2,1,1275,-2,1229.44,0,1,0,0,0,0,0,0,0,0
1,-2,0,1789,-2,2232.31,0,1,0,0,0,1,0,0,0,0
4,2,0,4401,5,11933.26,0,0,1,0,0,1,0,0,1,0
3,3,0,1762,3,9047.89,0,0,1,0,0,1,0,0,0,1
3,10,0,628,10,8813.44,1,0,0,0,1,0,0,0,0,0
1,3,0,681,3,3722.07,0,0,1,0,0,0,0,0,1,0
2,2,0,1548,2,4354.87,0,0,1,0,0,1,0,0,0,0
2,3,0,881,3,3895.71,0,0,1,0,0,0,0,0,0,0
4,15,0,864,15,9658.17,0,0,1,0,0,1,0,0,0,0
5,0,0,1718,0,8204.93,1,0,0,0,0,1,0,0,0,0
6,14,0,949,14,20614.28,1,0,0,0,0,1,0,0,1,0
1,1,1,1348,1,3199.96,0,0,1,0,0,1,0,0,0,0
6,10,0,1724,10,12243.52,0,0,1,0,0,1,0,0,0,0
1,-2,0,1410,-2,2249.38,0,1,0,0,0,1,0,0,0,0
1,-2,1,603,-2,3451.49,0,1,0,0,0,0,0,0,0,0
4,5,0,866,5,5785.53,1,0,0,0,0,1,0,0,1,0
1,-2,1,1229,-2,2542.66,0,1,0,0,0,0,0,0,0,0
5,5,0,1440,5,7613.47,0,0,1,0,0,1,0,0,0,1
1,-2,0,1833,-2,2578.29,0,1,0,0,0,1,0,0,0,0
2,-2,1,1506,-2,2281.52,0,1,0,0,1,0,0,0,0,0
3,-2,0,1080,-2,8667.07,0,1,0,0,0,1,0,0,0,0
4,3,0,1309,3,10785.98,1,0,0,0,0,1,0,0,0,0
2,3,0,860,3,5920.37,1,0,0,0,0,1,0,0,0,1
2,2,0,626,2,8449.84,1,0,0,0,0,1,0,0,1,0
7,-2,0,1294,8,12471.12,0,1,0,0,0,0,0,0,0,1
3,1,0,803,2,11369.49,0,0,1,0,0,0,0,0,0,0
3,1,0,1260,1,15354.79,1,0,0,0,0,1,0,0,0,1
3,3,0,1321,2,3690.44,1,0,0,0,0,0,0,0,0,0
2,3,0,1151,3,5181.79,1,0,0,0,0,1,0,0,0,0
1,1,0,1869,-2,2708.07,1,0,0,0,0,0,0,0,0,1
1,2,0,1253,2,3322.02,1,0,0,0,0,1,0,0,0,0
2,3,1,854,3,6051.02,1,0,0,0,1,0,0,0,1,0
3,-2,0,1278,-2,3083.69,0,1,0,0,0,0,0,0,0,0
2,3,0,1970,3,19186.25,1,0,0,0,0,1,0,0,0,1
4,3,0,1255,3,9897.58,0,0,0,1,0,0,0,0,0,0
1,4,0,981,4,3742.4,1,0,0,0,0,1,0,0,0,0
4,1,0,764,1,2772.02,1,0,0,0,0,0,0,0,0,0
1,-2,0,1241,-2,1731.03,0,1,0,0,0,0,0,0,0,0
1,0,0,500,0,1797.9,1,0,0,0,0,1,0,0,0,0
1,1,0,231,1,1687.8,1,0,0,0,0,1,0,0,0,0
2,1,0,1752,1,2473.86,1,0,0,0,0,1,0,0,1,0
2,2,0,1283,2,1845.3,0,0,1,0,0,1,0,0,0,0
4,5,0,783,5,6638.06,0,0,1,0,0,1,0,0,1,0
4,-2,1,1720,-2,2184.86,0,1,0,0,0,0,0,0,0,0
2,2,0,1786,2,7686.83,0,0,1,0,0,1,0,0,0,0
1,-2,1,1494,-2,3779.77,0,1,0,0,0,0,0,0,0,0
1,1,0,788,1,1679.7,0,0,1,0,0,1,0,0,0,0
2,3,0,1250,3,7878.84,0,0,1,0,0,1,0,0,0,0
2,2,0,1758,2,4663.61,1,0,0,0,0,1,0,0,0,0
1,5,0,1823,5,9291.27,1,0,0,0,0,1,0,0,0,0
5,4,0,1401,4,12869.15,0,0,1,0,0,1,0,0,0,0
6,3,0,1321,3,13251.05,1,0,0,0,0,1,0,0,0,1
3,-2,1,1255,-2,5259.95,0,1,0,0,1,0,0,0,0,0
4,3,0,1485,3,6701.33,0,0,1,0,1,0,0,0,0,0
2,0,0,1327,1,3973.29,0,0,1,0,0,1,0,0,0,1
4,4,0,192,4,6976.07,1,0,0,0,0,1,0,0,0,0
3,14,0,1743,14,19956.68,1,0,0,0,1,0,0,0,0,1
4,-2,1,1024,-2,4306.52,0,1,0,0,1,0,0,0,0,0
6,2,0,4538,2,12851.9,1,0,0,0,0,0,0,0,0,1
2,2,0,1451,2,4206.74,0,0,1,0,0,1,0,0,0,1
3,4,0,773,4,4040.75,0,0,1,0,0,1,0,0,0,1
1,-2,0,860,-2,1823.75,0,1,0,0,0,0,0,0,0,0
4,2,0,1482,2,10139.94,1,0,0,0,0,1,0,0,0,0
2,3,0,1892,3,15998.16,0,0,1,0,0,1,0,0,0,1
1,-2,0,1332,-2,1691.31,0,1,0,0,0,0,0,0,0,0
3,6,1,1199,6,4332.34,0,0,1,0,0,1,0,0,0,0
3,2,0,432,2,3334.72,0,0,1,0,0,1,0,0,0,1
5,2,0,1666,2,10088.63,1,0,0,0,1,0,0,0,0,0
1,-2,0,439,-2,3989.34,0,1,0,0,1,0,0,0,0,0
2,2,0,1278,2,5125.69,0,0,1,0,1,0,0,0,0,1
3,-2,0,1289,-2,3266.38,0,1,0,0,1,0,0,0,0,0
4,-2,1,1199,-2,3276.38,0,1,0,0,0,0,0,0,0,0
4,-2,1,1258,-2,2259.87,0,1,0,0,0,0,0,0,0,0
2,-2,0,1373,-2,3651.03,0,1,0,0,0,1,0,0,0,0
5,10,1,871,10,5477.6,1,0,0,0,1,0,0,0,0,1
2,3,0,1185,3,7044.69,0,0,1,0,0,1,0,0,0,1
2,5,0,1502,5,11535.12,1,0,0,0,0,1,0,0,0,0
1,-2,0,1773,-2,2058.69,0,1,0,0,0,0,0,0,0,0
2,10,1,931,10,13619.3,1,0,0,0,1,0,0,0,0,1
5,-2,0,1407,-2,4830.15,0,1,0,0,1,0,0,0,0,0
2,4,1,400,4,2746.88,1,0,0,0,0,1,0,0,0,0
2,0,0,1560,0,5559.38,0,0,1,0,0,1,0,0,0,1
2,5,0,944,5,6483.38,0,0,1,0,0,1,0,0,0,1
4,10,0,1804,10,15507.53,0,0,1,0,0,1,0,0,0,1
1,1,0,1414,1,5217.82,0,0,1,0,1,0,0,0,0,0
4,3,0,1216,3,11850.88,0,0,1,0,0,1,0,0,0,1
2,2,0,811,2,5487.1,0,0,1,0,0,1,0,0,1,0
3,7,0,619,7,3191.07,1,0,0,0,0,1,0,0,0,0
4,2,0,1158,2,14185.91,1,0,0,0,0,1,0,0,0,1
5,1,0,1629,2,5960.49,0,0,1,0,0,1,0,0,0,0
2,1,0,878,1,5490.62,0,0,1,0,0,1,0,0,0,0
3,2,1,1119,2,8436.52,1,0,0,0,0,1,0,0,0,1
4,21,0,897,7,7352.95,0,0,1,0,0,1,0,0,0,1
2,2,0,1399,2,7384.25,1,0,0,0,0,1,0,0,0,1
5,5,0,828,5,9741.85,0,0,1,0,0,1,0,0,1,0
3,6,0,1759,6,4331.09,0,0,1,0,0,1,0,0,0,0
1,4,0,4623,4,13168.59,1,0,0,0,1,0,0,0,1,0
5,5,0,1720,3,17934.81,0,0,1,0,0,1,0,0,0,0
2,-2,0,1410,-2,6232.64,0,1,0,0,0,1,0,0,0,1
2,4,1,1756,4,11064.9,1,0,0,0,1,0,0,0,0,1
2,4,0,4172,4,11586.32,0,0,1,0,0,1,0,0,1,0
2,2,0,1168,2,5764.46,0,0,1,0,0,1,0,0,0,1
1,2,0,1260,2,1450.29,1,0,0,0,0,1,0,0,0,0
5,3,0,827,3,5555.52,0,0,1,0,0,1,0,0,0,1
2,1,0,835,1,3485.92,1,0,0,0,0,1,0,0,0,1
3,2,0,1097,2,5278.88,0,0,0,1,0,1,0,0,0,0
3,3,0,1162,3,8267.71,1,0,0,0,0,1,0,0,0,1
2,4,0,1111,4,11218.32,0,0,1,0,0,1,0,0,0,1
1,1,0,698,1,4780.69,1,0,0,0,0,1,0,0,0,0
2,-2,0,1799,-2,5816.43,0,1,0,0,0,1,0,0,0,0
4,4,0,1927,3,16936.85,0,0,1,0,0,1,0,0,0,0
4,2,0,1761,2,10623.32,0,0,1,0,0,1,0,0,0,1
2,-2,0,1207,-2,3055.82,0,1,0,0,0,1,0,0,0,0
3,-2,0,494,-2,2354.02,0,1,0,0,0,0,0,0,0,0
5,-2,0,1153,-2,7349.89,0,1,0,0,0,1,0,0,0,0
1,7,0,785,7,3993.54,0,0,1,0,0,1,0,0,0,1
4,-2,0,1535,-2,3112.46,0,1,0,0,0,1,0,0,0,0
4,8,0,1749,8,5539.07,0,0,1,0,0,1,0,0,0,0
1,1,0,1687,1,5720.23,0,0,1,0,0,1,0,0,0,1
3,6,0,168,6,6291.77,0,0,1,0,0,1,0,0,1,0
1,0,0,1701,0,3159.05,1,0,0,0,0,1,0,0,0,0
2,-2,1,490,-2,4821.18,0,1,0,0,0,0,0,0,0,1
4,-2,0,832,-2,3412.96,0,1,0,0,0,1,0,0,0,0
1,1,0,1271,1,5868.11,1,0,0,0,0,0,1,0,0,1
2,3,0,1722,3,8305.87,0,0,1,0,0,1,0,0,0,1
2,3,0,1180,3,6512.89,1,0,0,0,0,1,0,0,0,1
3,5,1,1747,5,17253.02,1,0,0,0,1,0,0,0,1,0
2,3,0,2052,3,9074.55,0,0,1,0,0,1,0,0,0,1
2,7,0,1544,7,9543.73,0,0,1,0,0,1,0,0,1,0
4,2,0,1308,2,5714.41,0,0,1,0,0,1,0,0,0,1
2,-2,1,1253,-2,6718.89,0,1,0,0,1,0,0,0,0,1
1,2,0,1552,2,7371.68,0,0,1,0,0,1,0,0,0,1
1,1,0,1126,1,3608.46,0,0,1,0,0,1,0,0,0,1
1,-2,1,1093,-2,3777.6,0,1,0,0,1,0,0,0,0,0
1,-2,0,1369,-2,3242.48,0,1,0,0,0,1,0,0,0,0
6,-2,1,508,-2,8726.73,0,1,0,0,1,0,0,0,0,0
7,3,0,1174,3,13780.57,1,0,0,0,1,0,0,0,0,1
3,4,0,1382,4,9245.92,0,0,1,0,0,1,0,0,0,0
2,6,0,1813,6,6776.83,1,0,0,0,0,1,0,0,0,1
4,3,0,1453,3,14237.86,0,0,1,0,0,1,0,0,1,0
5,4,0,1546,4,5901.07,1,0,0,0,0,1,0,0,0,0
1,-2,0,1274,-2,4297.23,0,1,0,0,0,1,0,0,0,0
1,3,0,724,3,5158.77,1,0,0,0,0,1,0,0,0,0
2,3,0,1420,2,3382.88,0,0,1,0,0,1,0,0,0,0
3,-2,1,680,-2,4604.95,0,1,0,0,1,0,0,0,0,0
4,3,0,888,3,9387.52,0,0,1,0,0,1,0,0,0,1
4,-2,0,802,-2,6101.79,0,1,0,0,0,1,0,0,0,0
2,1,0,1223,1,5255.88,1,0,0,0,0,1,0,0,1,0
1,-2,1,661,-2,3155.12,0,1,0,0,1,0,0,0,0,0
1,-2,0,2057,-2,1859.73,0,1,0,0,0,1,0,0,0,0
2,1,0,2067,1,5266.32,0,0,1,0,0,1,0,0,0,0
1,-2,0,736,-2,2657.21,0,1,0,0,0,0,0,0,0,0
2,1,0,1193,1,14298.55,1,0,0,0,1,0,0,0,0,1
2,7,0,887,3,5999.68,1,0,0,0,0,1,0,0,0,0
1,7,1,1092,7,4989.41,1,0,0,0,1,0,0,0,0,1
1,-2,0,829,-2,2279.41,0,1,0,0,0,1,0,0,0,0
2,10,0,698,10,17359.88,0,0,1,0,0,1,0,0,0,0
1,3,0,1651,3,8839.28,1,0,0,0,0,1,0,0,0,0
2,4,0,1374,4,6035.69,0,0,1,0,0,1,0,0,0,0
5,2,0,1459,2,8439.97,0,0,1,0,1,0,0,0,0,0
5,5,0,1747,5,9076.05,1,0,0,0,0,0,0,0,0,1
3,5,0,1584,5,9725.35,0,0,1,0,0,1,0,0,0,0
5,2,0,1247,2,12091.99,1,0,0,0,0,1,0,0,0,0
2,3,0,1436,3,3879.76,1,0,0,0,1,0,0,0,0,0
2,1,1,1178,1,4686.67,1,0,0,0,1,0,0,0,0,0
2,3,0,1177,3,8945.3,1,0,0,0,0,1,0,0,0,1
4,5,0,1752,4,5180.03,0,0,1,0,0,1,0,0,0,1
3,10,0,1206,10,9058.14,0,0,1,0,0,1,0,0,0,1
2,5,0,802,5,3707.17,0,0,1,0,0,1,0,0,0,1
4,3,0,1872,3,12442.1,1,0,0,0,0,1,0,0,0,0
4,2,0,1259,2,7768.79,1,0,0,0,0,1,0,0,0,1
1,3,0,1290,3,5618.77,0,0,1,0,0,1,0,0,0,0
2,1,1,637,1,3380.05,1,0,0,0,1,0,0,0,0,0
2,5,0,1171,5,6433.24,0,0,1,0,0,1,0,0,0,0
3,0,0,1226,0,5819.23,0,0,1,0,0,1,0,0,0,0
3,2,0,669,2,8715.41,0,0,1,0,0,1,0,0,0,1
1,-2,1,1682,-2,3454.68,0,1,0,0,1,0,0,0,0,0
3,1,0,1231,1,15464.24,0,0,1,0,0,1,0,0,1,0
3,2,0,2034,2,4328.71,0,0,1,0,0,1,0,0,0,0
2,1,0,1760,2,4503.94,0,0,1,0,0,1,0,0,0,0
4,4,0,1255,4,3566.07,1,0,0,0,0,1,0,0,0,0
5,5,0,4204,5,10173.27,1,0,0,0,0,1,0,0,0,1
1,1,1,1755,1,3685.34,1,0,0,0,1,0,0,0,0,0
1,1,0,633,2,1132.19,0,0,1,0,0,1,0,0,0,0
1,3,0,1741,3,3642.08,1,0,0,0,0,1,0,0,0,0
2,1,0,787,1,2622.36,1,0,0,0,0,0,0,0,0,0
3,-2,0,1649,-2,2102.66,0,1,0,0,0,0,0,0,0,0
6,5,0,1922,5,6054.48,0,0,1,0,0,1,0,0,0,0
3,2,0,562,2,3897.25,0,0,1,0,0,0,0,0,0,0
2,1,0,881,1,5151.47,1,0,0,0,0,1,0,0,0,0
2,2,0,1990,5,9835.21,0,0,1,0,0,1,0,0,0,1
1,2,0,1897,2,4877.64,0,0,1,0,0,1,0,0,0,0
1,3,1,1148,3,2727.37,0,0,0,1,0,0,1,0,0,0
4,3,0,4677,3,14873.97,0,0,1,0,0,1,0,0,0,1
2,3,0,1749,3,7727.6,0,0,1,0,0,1,0,0,0,1
1,-2,1,1244,-2,2324.83,0,1,0,0,1,0,0,0,0,0
2,2,0,1696,2,2379.63,0,0,1,0,0,1,0,0,0,0
2,2,0,1481,2,5289.24,1,0,0,0,0,1,0,0,0,0
2,5,1,2006,4,6388.18,1,0,0,0,0,1,0,0,0,0
5,4,0,791,4,10702.1,1,0,0,0,1,0,0,0,0,0
2,-2,1,1546,-2,5777.08,0,1,0,0,0,0,1,0,1,0
1,-2,1,1458,-2,2578.46,0,1,0,0,0,1,0,0,0,0
5,-2,1,865,-2,3513.3,0,1,0,0,0,0,0,0,0,0
2,8,0,888,8,8946.23,0,0,1,0,0,1,0,0,0,1
4,-2,0,1791,-2,5527.25,0,1,0,0,1,0,0,0,0,0
4,10,0,1810,10,17725.83,1,0,0,0,0,1,0,0,0,1
5,3,0,1687,3,6083.78,0,0,1,0,0,0,0,0,0,0
7,2,0,1256,2,4684.37,1,0,0,0,0,0,0,0,0,1
1,0,0,1432,0,6017.48,1,0,0,0,0,1,0,0,0,0
2,-2,1,1105,-2,4511.58,0,1,0,0,1,0,0,0,0,0
1,-2,1,741,-2,1811.16,0,1,0,0,0,1,0,0,0,0
6,2,0,1776,2,11908.86,0,0,1,0,0,1,0,0,0,1
4,7,0,229,7,6243.26,0,0,1,0,0,1,0,0,0,0
3,1,0,570,3,16975.87,1,0,0,0,0,1,0,0,0,1
2,4,0,93,4,6934.95,1,0,0,0,0,1,0,0,0,0
2,6,1,473,6,7261.55,1,0,0,0,1,0,0,0,0,1
3,1,0,606,1,10025.25,1,0,0,0,0,1,0,0,0,1
1,-2,0,191,-2,676.32,0,1,0,0,0,1,0,0,0,0
3,4,1,204,6,5103.42,1,0,0,0,0,1,0,0,0,1
2,1,0,228,1,4710.57,1,0,0,0,0,1,0,0,0,0
4,6,0,479,6,3023.74,0,0,1,0,0,1,0,0,0,0
3,3,0,258,3,6450.09,0,0,1,0,1,0,0,0,0,1
1,-2,1,167,-2,3556.91,0,1,0,0,0,0,0,0,0,0
2,4,1,659,4,7605.02,1,0,0,0,1,0,0,0,0,0
1,2,0,163,2,3868.8,1,0,0,0,0,1,0,0,0,0
2,5,0,93,4,6509.6,0,0,1,0,0,1,0,0,0,0
3,-2,1,75,-2,5409.4,0,1,0,0,0,1,0,0,0,0
1,2,1,210,2,1782.57,1,0,0,0,1,0,0,0,0,0
1,-2,1,558,-2,818.17,0,1,0,0,0,1,0,0,0,0
4,-2,1,398,-2,7097.76,0,1,0,0,1,0,0,0,0,0
1,-2,0,472,-2,1669.82,0,1,0,0,1,0,0,0,0,0
4,3,0,209,5,2639.1,1,0,0,0,0,1,0,0,0,1
5,2,0,870,2,8851.33,1,0,0,0,0,1,0,0,0,0
4,3,1,514,3,8662.35,1,0,0,0,1,0,0,0,0,0
2,5,0,416,5,7053.22,1,0,0,0,0,1,0,0,1,0
1,1,0,285,1,3304.24,0,0,1,0,0,1,0,0,0,1
4,4,0,479,4,9118.41,1,0,0,0,0,1,0,0,0,0
4,10,0,792,10,6923.88,1,0,0,0,0,1,0,0,0,1
4,9,1,463,9,11219.91,1,0,0,0,1,0,0,0,0,0
4,5,0,489,5,14461.38,0,0,1,0,0,1,0,0,0,1
1,1,0,383,1,3884.79,1,0,0,0,0,0,0,0,0,0
1,2,0,494,2,3343.71,0,0,1,0,0,1,0,0,0,0
4,5,0,787,5,8198.22,0,0,1,0,0,1,0,0,0,1
2,10,0,433,10,12787.29,0,0,1,0,0,1,0,0,0,0
1,1,0,335,1,2501.24,1,0,0,0,0,1,0,0,0,1
2,3,0,585,3,3836.35,1,0,0,0,1,0,0,0,0,1
4,1,0,654,3,7849.79,1,0,0,0,0,1,0,0,0,1
2,0,0,59,1,2883.37,0,0,1,0,0,1,0,0,0,1
3,1,0,331,1,2602.09,1,0,0,0,0,1,0,0,0,0
4,-2,1,97,-2,5892.59,0,1,0,0,0,1,0,0,0,0
1,10,1,604,6,3937.28,1,0,0,0,0,1,0,0,0,0
2,-2,0,184,-2,2968.42,0,1,0,0,0,1,0,0,0,0
2,5,0,350,5,5789.73,1,0,0,0,0,1,0,0,0,0
4,3,0,560,3,6457.42,1,0,0,0,0,1,0,0,0,0
2,2,1,254,2,4508.44,0,0,1,0,1,0,0,0,0,1
2,5,0,639,5,5183.87,0,0,1,0,0,1,0,0,0,1
2,-2,0,0,-2,1806.54,0,1,0,0,0,1,0,0,0,0
4,1,0,134,1,8881.64,0,0,1,0,0,1,0,0,0,1
2,2,0,147,2,6286.49,0,0,1,0,0,1,0,0,0,0
2,1,0,166,1,2405.79,0,0,1,0,0,1,0,0,0,0
1,2,0,44,2,3679.5,1,0,0,0,1,0,0,0,0,0
1,0,0,451,1,2045.07,1,0,0,0,1,0,0,0,0,0
1,1,0,626,-2,1443.31,0,0,1,0,0,0,0,0,0,0
5,1,0,158,1,3006.68,1,0,0,0,1,0,0,0,0,0
7,-2,0,128,-2,2436.83,0,1,0,0,0,1,0,0,0,0
1,1,0,553,1,6232.67,1,0,0,0,0,1,0,0,0,0
2,3,0,209,3,4338.96,0,0,1,0,0,1,0,0,0,1
4,3,0,674,3,6666.37,1,0,0,0,0,1,0,0,0,0
3,2,0,188,2,3461.07,0,0,1,0,0,1,0,0,0,0
2,1,1,648,1,2075.76,1,0,0,0,0,0,0,0,0,0
2,5,0,739,5,8214.52,1,0,0,0,0,1,0,0,0,0
2,2,0,953,2,7664.56,0,0,1,0,0,1,0,0,1,0
4,1,0,377,1,5293.99,0,0,1,0,0,1,0,0,0,0
1,3,0,661,2,1878.9,1,0,0,0,0,0,0,0,0,0
3,1,0,580,1,3984.21,1,0,0,0,0,1,0,0,0,0
2,2,0,481,2,2644.61,0,0,1,0,0,1,0,0,0,1
1,1,0,33,1,1853.67,0,0,1,0,0,1,0,0,0,0
2,5,0,281,5,4120.19,0,0,1,0,0,1,0,0,0,0
1,1,1,786,1,4431.03,1,0,0,0,1,0,0,0,0,0
1,4,0,618,4,5814.89,1,0,0,0,1,0,0,0,0,0
2,2,0,651,2,5160.42,1,0,0,0,0,1,0,0,0,0
5,3,0,370,3,7391.62,1,0,0,0,0,1,0,0,0,1
2,1,1,314,1,1988.18,1,0,0,0,0,1,0,0,0,0
3,-2,0,686,-2,2351.21,0,1,0,0,0,1,0,0,0,1
2,7,0,480,7,8151.45,1,0,0,0,0,1,0,0,0,0
2,3,0,148,3,3583.76,1,0,0,0,0,1,0,0,0,0
2,1,0,184,1,2800.49,0,0,1,0,0,1,0,0,0,0
3,1,0,646,1,5659.18,1,0,0,0,0,1,0,0,0,1
4,1,0,494,1,8701.72,1,0,0,0,0,1,0,0,0,1
5,1,0,560,1,13073.65,1,0,0,0,0,1,0,0,0,1
2,1,1,298,1,4482.0,1,0,0,0,0,1,0,0,0,0
2,7,0,886,7,5211.02,0,0,1,0,0,1,0,0,0,0
6,-2,0,216,-2,2743.22,0,1,0,0,0,1,0,0,0,0
1,1,0,207,1,1476.18,1,0,0,0,0,1,0,0,0,0
4,-2,1,75,-2,9797.37,0,1,0,0,1,0,0,0,0,0
4,1,0,114,1,4567.65,1,0,0,0,0,1,0,0,0,0
1,1,0,427,1,3569.16,1,0,0,0,0,1,0,0,0,0
2,4,0,343,4,5241.41,1,0,0,0,0,1,0,0,1,0
3,3,0,842,3,8219.89,0,0,1,0,0,1,0,0,0,1
1,3,1,505,3,10252.47,0,0,1,0,0,1,0,0,0,1
2,3,0,338,3,5557.9,1,0,0,0,0,1,0,0,0,0
2,6,0,384,6,8906.95,0,0,1,0,0,1,0,0,0,0
2,3,0,339,3,3951.25,0,0,1,0,0,1,0,0,0,1
2,1,0,278,1,2231.98,0,0,1,0,0,1,0,0,0,0
2,2,0,1741,2,7439.81,1,0,0,0,0,1,0,0,0,0
2,2,0,779,2,2390.99,0,0,1,0,0,1,0,0,0,0
3,1,0,606,1,4097.95,1,0,0,0,0,1,0,0,0,0
5,8,0,300,5,5954.46,1,0,0,0,0,1,0,0,0,0
1,1,0,945,1,8090.46,0,0,1,0,0,1,0,0,0,1
2,1,0,548,1,5074.11,0,0,1,0,0,1,0,0,0,0
4,2,0,420,9,10538.65,0,0,1,0,0,1,0,0,0,1
4,2,0,494,2,6453.61,0,0,1,0,0,1,0,0,0,1
3,5,0,375,5,13101.65,1,0,0,0,0,1,0,0,0,1
3,-2,0,454,-2,5812.39,0,1,0,0,0,1,0,0,0,1
1,1,0,621,1,3881.86,1,0,0,0,0,1,0,0,0,0
3,-2,0,91,-2,1358.52,0,1,0,0,0,1,0,0,0,0
1,0,0,520,2,3151.49,1,0,0,0,0,1,0,0,0,1
2,2,1,81,2,5455.23,1,0,0,0,0,0,0,0,0,1
4,-2,0,473,-2,2549.08,0,1,0,0,1,0,0,0,0,0
5,5,0,168,5,5733.31,0,0,1,0,0,1,0,0,0,1
1,-2,0,128,-2,1517.07,0,1,0,0,0,1,0,0,0,0
3,4,0,638,4,5709.9,1,0,0,0,0,0,0,0,0,1
2,3,0,961,3,6259.4,1,0,0,0,0,1,0,0,0,1
3,4,0,234,4,5650.52,0,0,1,0,0,1,0,0,0,1
4,5,1,196,5,4465.16,1,0,0,0,1,0,0,0,0,1
2,1,0,355,3,3749.15,0,0,1,0,0,0,0,0,0,0
1,-2,1,125,-2,1738.66,0,1,0,0,0,0,0,0,1,0
2,4,0,860,4,7459.28,0,0,1,0,0,1,0,0,0,1
5,10,0,91,8,5634.98,0,0,1,0,0,1,0,0,0,1
4,1,1,393,2,5447.18,1,0,0,0,0,1,0,0,0,0
2,2,0,58,2,2715.71,0,0,1,0,0,1,0,0,0,1
1,-2,1,907,-2,3440.64,0,1,0,0,1,0,0,0,0,0
4,4,0,43,4,11701.16,0,0,1,0,0,0,0,0,0,0
2,1,1,83,1,11126.95,0,0,1,0,1,0,0,0,0,0
1,-2,1,258,-2,1930.85,0,1,0,0,1,0,0,0,0,0
3,3,0,150,3,3615.49,0,0,1,0,0,1,0,0,0,0
2,1,0,270,1,3034.94,1,0,0,0,0,0,0,0,0,0
2,2,0,132,2,3951.51,1,0,0,0,0,1,0,0,0,0
1,-2,0,97,5,3416.05,0,1,0,0,0,1,0,0,0,0
1,3,0,46,3,2044.82,1,0,0,0,1,0,0,0,0,0
2,10,1,140,8,4340.49,0,0,1,0,1,0,0,0,0,0
1,3,0,105,3,2523.64,0,0,1,0,0,1,0,0,0,0
3,8,0,753,8,7924.69,0,0,1,0,0,1,0,0,0,1
2,2,0,313,2,6551.97,1,0,0,0,0,1,0,0,0,1
4,5,0,1741,5,8405.18,1,0,0,0,0,1,0,0,0,1
3,4,0,286,4,4924.73,0,0,1,0,0,1,0,0,0,0
3,5,0,213,5,3579.07,1,0,0,0,0,1,0,0,0,1
3,3,0,84,3,7813.53,0,0,1,0,0,1,0,0,0,0
4,5,0,478,5,6820.16,1,0,0,0,0,1,0,0,0,0
2,10,0,433,6,8736.3,0,0,1,0,0,1,0,0,0,0
1,2,1,345,2,6109.16,1,0,0,0,0,1,0,0,0,0
4,3,1,211,3,3368.26,1,0,0,0,0,1,0,0,1,0
2,-2,0,273,-2,4834.51,0,1,0,0,1,0,0,0,0,0
2,2,1,120,2,10440.44,1,0,0,0,1,0,0,0,0,0
2,1,0,236,1,5410.07,1,0,0,0,0,1,0,0,0,0
2,4,0,385,4,4750.06,0,0,1,0,0,1,0,0,0,1
3,7,0,491,7,4810.25,1,0,0,0,0,1,0,0,0,0
7,3,0,323,3,6890.62,1,0,0,0,0,1,0,0,0,1
3,4,0,405,4,8133.93,1,0,0,0,0,1,0,0,0,0
3,4,0,114,4,4813.11,1,0,0,0,0,1,0,0,0,0
2,3,0,575,3,17455.17,1,0,0,0,0,1,0,0,0,1
4,3,0,535,3,4166.56,1,0,0,0,0,1,0,0,0,0
1,2,0,130,2,1193.64,0,0,1,0,0,1,0,0,0,0
2,1,0,438,2,3814.03,1,0,0,0,0,1,0,0,0,1
4,3,0,185,3,3649.38,1,0,0,0,0,1,0,0,0,0
4,4,0,627,3,5633.27,1,0,0,0,0,1,0,0,0,0
2,2,0,177,2,7721.24,1,0,0,0,0,1,0,0,0,1
1,-2,0,33,-2,2401.14,0,1,0,0,0,1,0,0,0,0
1,-2,1,249,-2,3283.42,0,1,0,0,1,0,0,0,0,0
3,4,0,343,5,11696.34,0,0,1,0,0,1,0,0,1,0
3,4,0,832,4,8192.0,1,0,0,0,0,1,0,0,0,1
2,1,0,130,1,762.88,1,0,0,0,0,0,0,0,0,0
1,2,1,106,2,5089.09,1,0,0,0,1,0,0,0,0,0
6,10,0,819,10,6473.11,0,0,1,0,0,0,0,0,0,0
3,7,0,149,7,3928.79,1,0,0,0,0,1,0,0,0,0
2,3,0,836,3,10056.98,0,0,1,0,0,1,0,0,0,1
6,5,0,156,5,10525.13,0,0,1,0,0,1,0,0,0,1
7,-2,0,724,-2,3412.04,0,1,0,0,0,0,0,0,0,0
2,3,0,401,3,3786.95,1,0,0,0,0,1,0,0,0,0
2,-2,0,35,-2,2265.22,0,1,0,0,0,1,0,0,0,1
2,1,0,141,1,3095.62,1,0,0,0,0,0,0,0,0,0
1,2,0,269,2,2908.19,0,0,1,0,0,1,0,0,0,0
2,4,0,1,4,4038.0,1,0,0,0,0,1,0,0,0,0
1,2,0,495,2,7253.16,1,0,0,0,0,1,0,0,0,0
3,4,0,426,3,7711.03,1,0,0,0,0,1,0,0,0,1
4,2,0,649,2,19186.64,1,0,0,0,0,1,0,0,1,0
2,4,0,328,4,4040.53,1,0,0,0,1,0,0,0,1,0
2,2,0,414,2,5870.71,1,0,0,0,0,1,0,0,0,0
3,3,1,570,3,11062.8,1,0,0,0,1,0,0,0,0,0
2,1,0,196,3,3472.13,0,0,1,0,0,1,0,0,0,0
2,5,1,504,5,7412.58,1,0,0,0,0,1,0,0,0,0
2,0,0,358,1,3155.04,0,0,1,0,0,1,0,0,0,0
4,7,0,496,7,4877.67,0,0,1,0,0,1,0,0,0,1
2,-2,1,381,-2,4284.97,0,1,0,0,1,0,0,0,0,0
1,2,1,16,2,6063.8,1,0,0,0,1,0,0,0,0,1
2,4,1,862,4,12620.26,1,0,0,0,1,0,0,0,0,1
1,-2,0,0,-2,970.75,0,1,0,0,0,0,0,0,0,0
4,1,0,648,1,3252.07,1,0,0,0,0,1,0,0,0,0
1,4,0,168,4,2054.68,1,0,0,0,0,1,0,0,0,1
2,3,0,551,3,15774.26,0,0,1,0,0,1,0,0,1,0
2,-2,0,402,-2,2988.37,0,1,0,0,0,1,0,0,0,0
1,-2,0,26,-2,1184.06,0,1,0,0,1,0,0,0,0,0
2,3,0,590,3,4763.28,0,0,1,0,0,1,0,0,0,0
3,-2,1,501,1,6241.6,0,1,0,0,0,0,0,0,0,0
1,3,0,317,-2,1717.03,1,0,0,0,0,1,0,0,0,0
3,2,0,203,2,6824.79,0,0,1,0,0,1,0,0,0,1
2,3,0,201,3,9302.26,0,0,1,0,0,1,0,0,0,1
2,1,1,645,1,6502.76,1,0,0,0,1,0,0,0,0,0
2,3,0,141,3,3085.18,1,0,0,0,0,1,0,0,0,0
1,2,0,347,2,5135.28,1,0,0,0,0,1,0,0,0,0
1,2,0,462,2,1669.73,0,0,1,0,0,1,0,0,0,0
4,2,0,903,5,5361.26,0,0,1,0,0,1,0,0,0,1
1,2,0,523,2,2583.22,0,0,1,0,0,1,0,0,0,1
3,3,0,0,3,4817.98,0,0,1,0,0,1,0,0,0,0
3,6,1,784,6,9691.12,0,0,1,0,0,1,0,0,0,0
3,3,0,725,3,5941.21,1,0,0,0,0,1,0,0,0,0
3,3,0,769,3,5685.09,0,0,1,0,0,1,0,0,0,0
2,3,0,358,3,5756.89,1,0,0,0,0,1,0,0,0,1
3,1,0,149,1,3161.05,0,0,1,0,0,1,0,0,0,0
3,2,0,467,2,4280.28,1,0,0,0,0,1,0,0,0,0
2,1,1,369,1,7368.13,1,0,0,0,0,1,0,0,0,0
4,7,1,454,7,9580.4,0,0,1,0,0,1,0,0,0,1
3,5,0,355,5,6805.91,0,0,1,0,0,1,0,0,1,0
1,-2,0,94,-2,3941.64,0,1,0,0,1,0,0,0,0,0
3,1,0,466,1,7485.98,0,0,1,0,0,1,0,0,0,1
2,1,1,383,1,9040.89,1,0,0,0,0,1,0,0,0,1
5,-2,1,371,-2,6836.54,0,1,0,0,1,0,0,0,0,0
2,2,0,157,2,5073.17,1,0,0,0,0,1,0,0,0,0
2,3,0,66,3,6136.54,0,0,1,0,0,1,0,0,0,1
2,5,1,742,5,3798.06,1,0,0,0,1,0,0,0,0,0
3,1,0,610,1,4309.4,1,0,0,0,0,1,0,0,0,0
3,5,1,572,5,11105.25,1,0,0,0,1,0,0,0,0,1
1,2,0,464,3,2570.96,1,0,0,0,0,1,0,0,0,0
6,5,0,77,5,2149.57,0,0,1,0,0,1,0,0,0,0
1,-2,0,194,-2,2944.34,0,1,0,0,1,0,0,0,0,0
1,2,1,481,2,3884.37,1,0,0,0,1,0,0,0,0,0
2,2,0,883,2,21598.32,1,0,0,0,0,1,0,0,1,0
2,4,0,334,4,7381.86,0,0,1,0,0,1,0,0,0,1
4,5,0,289,5,10622.98,1,0,0,0,0,1,0,0,0,1
2,3,0,856,7,14301.41,0,0,1,0,0,1,0,0,1,0
1,6,0,365,6,5172.14,1,0,0,0,1,0,0,0,0,0
2,5,0,924,4,5725.06,1,0,0,0,0,1,0,0,0,1
1,2,0,301,2,3793.12,0,0,1,0,0,1,0,0,0,0
4,2,0,111,2,5475.1,1,0,0,0,0,1,0,0,0,0
7,2,0,456,-2,9187.25,1,0,0,0,0,0,0,0,0,1
4,2,1,885,2,6143.47,1,0,0,0,1,0,0,0,0,1
3,-2,1,638,-2,4500.12,0,1,0,0,1,0,0,0,0,1
5,3,0,495,5,8130.87,1,0,0,0,0,1,0,0,0,0
2,-2,1,102,-2,2238.8,0,1,0,0,1,0,0,0,0,0
4,7,0,848,2,3771.18,0,0,1,0,0,1,0,0,0,0
2,2,0,164,2,4027.42,0,0,1,0,0,0,0,0,0,0
1,2,1,507,2,4494.73,1,0,0,0,1,0,0,0,0,0
4,1,0,101,1,1521.76,0,0,1,0,1,0,0,0,0,0
3,3,0,640,3,7912.13,1,0,0,0,0,1,0,0,0,0
4,3,0,299,3,8608.67,0,0,1,0,0,1,0,0,0,1
2,1,0,848,1,7322.8,0,0,1,0,0,1,0,0,0,0
6,2,0,156,2,3899.99,0,0,1,0,0,1,0,0,0,1
2,5,0,113,6,3350.34,0,0,1,0,0,1,0,0,0,0
4,2,0,132,2,2606.35,0,0,1,0,0,1,0,0,0,1
4,5,1,677,5,7985.52,1,0,0,0,0,1,0,0,0,1
2,1,0,86,1,1810.18,0,0,1,0,0,1,0,0,0,0
3,-2,0,397,1,2106.26,0,1,0,0,0,1,0,0,0,0
3,1,0,474,1,3924.64,1,0,0,0,0,1,0,0,0,0
1,2,0,120,2,1201.03,0,0,1,0,0,0,0,0,0,0
4,2,0,1545,2,9881.09,1,0,0,0,0,1,0,0,0,0
2,1,0,1538,1,4774.26,0,0,1,0,0,1,0,0,0,0
3,5,0,1500,5,11562.85,1,0,0,0,0,0,1,0,0,0
